{"cell_type": {"[monocyte]": 0.025904545454545454, "[endothelial_cell]": 0.027427272727272727, "[T_cell]": 0.030375, "[macrophage]": 0.073, "[basal_cell]": 0.029140909090909092, "[type_II_pneumocyte]": 0.018979545454545454, "[CD8-positive,_alpha-beta_T_cell]": 0.025259090909090908, "[kidney_epithelial_cell]": 0.017259090909090908, "[conjunctival_epithelial_cell]": 0.009468181818181818, "[memory_B_cell]": 0.03240454545454546, "[CD4-positive,_alpha-beta_T_cell]": 0.029127272727272727, "[keratinocyte]": 0.007561363636363636, "[lung_ciliated_cell]": 0.001234090909090909, "[neutrophil]": 0.036686363636363635, "[luminal_epithelial_cell_of_mammary_gland]": 0.011072727272727272, "[enterocyte_of_epithelium_of_large_intestine]": 0.005768181818181818, "[CD4-positive_helper_T_cell]": 0.018677272727272726, "[fibroblast]": 0.06694772727272727, "[corneal_epithelial_cell]": 0.0030704545454545455, "[hepatocyte]": 0.0032, "[B_cell]": 0.04087045454545454, "[mature_NK_T_cell]": 0.021477272727272727, "[naive_thymus-derived_CD4-positive,_alpha-beta_T_cell]": 0.006772727272727273, "[pancreatic_acinar_cell]": 0.011477272727272727, "[cardiac_muscle_cell]": 0.014906818181818183, "[respiratory_goblet_cell]": 0.0015818181818181818, "[acinar_cell_of_salivary_gland]": 0.021029545454545454, "[ionocyte]": 0.00021136363636363638, "[classical_monocyte]": 0.027745454545454545, "[mesenchymal_stem_cell]": 0.03201363636363636, "[erythrocyte]": 0.02279090909090909, "[bladder_urothelial_cell]": 0.008493181818181818, "[naive_B_cell]": 0.013954545454545454, "[vein_endothelial_cell]": 0.007040909090909091, "[adventitial_cell]": 0.0016931818181818183, "[granulocyte]": 0.0017636363636363637, "[leukocyte]": 0.004752272727272727, "[CD8-positive,_alpha-beta_cytokine_secreting_effector_T_cell]": 0.003031818181818182, "[plasma_cell]": 0.023793181818181817, "[naive_regulatory_T_cell]": 0.0015795454545454546, "[CD4-positive,_alpha-beta_memory_T_cell]": 0.009359090909090909, "[skeletal_muscle_satellite_stem_cell]": 0.010002272727272728, "[CD8-positive,_alpha-beta_memory_T_cell]": 0.012406818181818182, "[vascular_associated_smooth_muscle_cell]": 0.005552272727272727, "[thymocyte]": 0.0011477272727272727, "[intestinal_crypt_stem_cell]": 0.0005045454545454546, "[endothelial_cell_of_lymphatic_vessel]": 0.0021772727272727273, "[fibroblast_of_breast]": 0.004279545454545454, "[capillary_endothelial_cell]": 0.010509090909090909, "[surface_ectodermal_cell]": 0.00011136363636363636, "[endothelial_cell_of_vascular_tree]": 0.007490909090909091, "[mast_cell]": 0.004588636363636363, "[type_I_NK_T_cell]": 0.011025, "[eye_photoreceptor_cell]": 0.001825, "[effector_CD8-positive,_alpha-beta_T_cell]": 0.012213636363636364, "[smooth_muscle_cell]": 0.008468181818181817, "[fast_muscle_cell]": 0.0007159090909090909, "[type_I_pneumocyte]": 0.00043863636363636365, "[CD1c-positive_myeloid_dendritic_cell]": 0.0006272727272727273, "[enterocyte]": 0.0049545454545454545, "[transit_amplifying_cell_of_small_intestine]": 0.00047045454545454544, "[native_cell]": 0.0022181818181818184, "[myeloid_cell]": 0.0046409090909090905, "[epithelial_cell]": 0.018975, "[club_cell]": 0.004372727272727273, "[pericyte]": 0.009402272727272728, "[effector_CD4-positive,_alpha-beta_T_cell]": 0.014509090909090909, "[enterocyte_of_epithelium_of_small_intestine]": 0.002268181818181818, "[cardiac_endothelial_cell]": 0.005536363636363636, "[small_intestine_goblet_cell]": 0.0006227272727272727, "[regulatory_T_cell]": 0.0027090909090909093, "[retinal_blood_vessel_endothelial_cell]": 0.0009363636363636363, "[innate_lymphoid_cell]": 0.010581818181818182, "[stromal_cell]": 0.007088636363636364, "[duct_epithelial_cell]": 0.0034954545454545455, "[basal_cell_of_prostate_epithelium]": 0.006768181818181818, "[intrahepatic_cholangiocyte]": 8.181818181818182e-05, "[DN3_thymocyte]": 0.0037295454545454546, "[dendritic_cell]": 0.001090909090909091, "[lung_microvascular_endothelial_cell]": 0.0010068181818181819, "[erythroid_progenitor_cell]": 0.0017590909090909092, "[non-classical_monocyte]": 0.002172727272727273, "[pancreatic_ductal_cell]": 0.0050363636363636366, "[luminal_cell_of_prostate_epithelium]": 0.002259090909090909, "[melanocyte]": 0.00043863636363636365, "[myofibroblast_cell]": 0.006334090909090909, "[intermediate_monocyte]": 0.0014318181818181819, "[myoepithelial_cell]": 0.0004022727272727273, "[large_intestine_goblet_cell]": 0.0008045454545454546, "[stem_cell]": 0.0002909090909090909, "[DN1_thymic_pro-T_cell]": 0.00205, "[hematopoietic_stem_cell]": 0.0016295454545454545, "[T_follicular_helper_cell]": 0.0008068181818181818, "[keratocyte]": 0.001234090909090909, "[tongue_muscle_cell]": 0.00012045454545454546, "[connective_tissue_cell]": 0.0004977272727272727, "[microglial_cell]": 0.00042727272727272726, "[endothelial_cell_of_artery]": 0.0025068181818181817, "[serous_cell_of_epithelium_of_trachea]": 8.40909090909091e-05, "[naive_thymus-derived_CD8-positive,_alpha-beta_T_cell]": 0.0014386363636363637, "[fibroblast_of_cardiac_tissue]": 0.0005068181818181818, "[paneth_cell_of_colon]": 0.001868181818181818, "[paneth_cell_of_epithelium_of_small_intestine]": 0.0013590909090909092, "[Mueller_cell]": 0.0007477272727272727, "[intestinal_crypt_stem_cell_of_large_intestine]": 0.00025, "[muscle_cell]": 0.0009136363636363636, "[myometrial_cell]": 0.00041363636363636364, "[goblet_cell]": 0.0006272727272727273, "[basophil]": 0.0015022727272727273, "[liver_dendritic_cell]": 6.818181818181818e-05, "[radial_glial_cell]": 0.00041363636363636364, "[ciliated_cell]": 0.0006659090909090909, "[salivary_gland_cell]": 8.863636363636364e-05, "[mucus_secreting_cell]": 0.00013863636363636365, "[slow_muscle_cell]": 0.0003227272727272727, "[CD141-positive_myeloid_dendritic_cell]": 0.00038181818181818184, "[transit_amplifying_cell_of_colon]": 0.0004181818181818182, "[platelet]": 0.0005477272727272728, "[pancreatic_stellate_cell]": 0.0008022727272727273, "[medullary_thymic_epithelial_cell]": 0.0003363636363636364, "[pancreatic_PP_cell]": 0.00014545454545454546, "[serous_cell_of_epithelium_of_bronchus]": 3.181818181818182e-05, "[mesothelial_cell]": 8.863636363636364e-05, "[retinal_pigment_epithelial_cell]": 0.00010227272727272727, "[endothelial_cell_of_hepatic_sinusoid]": 0.0008795454545454546, "[tracheal_goblet_cell]": 0.00016136363636363635, "[common_myeloid_progenitor]": 0.0005795454545454545, "[epithelial_cell_of_uterus]": 0.0003931818181818182, "[bronchial_smooth_muscle_cell]": 0.0001681818181818182, "[CD8-positive,_alpha-beta_cytotoxic_T_cell]": 0.0013, "[type_B_pancreatic_cell]": 0.00020227272727272726, "[intestinal_tuft_cell]": 0.0004068181818181818, "[plasmacytoid_dendritic_cell]": 0.00019772727272727273, "[duodenum_glandular_cell]": 9.545454545454546e-05, "[intestinal_enteroendocrine_cell]": 0.00022727272727272727, "[gut_endothelial_cell]": 0.00020454545454545454, "[Langerhans_cell]": 6.818181818181818e-05, "[ciliated_epithelial_cell]": 6.363636363636364e-05, "[fat_cell]": 8.863636363636364e-05, "[secretory_cell]": 0.0005227272727272727, "[retina_horizontal_cell]": 1.3636363636363637e-05, "[pancreatic_D_cell]": 2.0454545454545454e-05, "[Schwann_cell]": 2.0454545454545454e-05, "[blood_vessel_endothelial_cell]": 9.772727272727273e-05, "[epithelial_cell_of_lacrimal_sac]": 0.0001, "[tendon_cell]": 0.0004886363636363636, "[cell_of_skeletal_muscle]": 2.2727272727272726e-05, "[pancreatic_A_cell]": 0.00014772727272727274, "[erythroid_lineage_cell]": 6.136363636363636e-05, "[immature_natural_killer_cell]": 8.636363636363636e-05, "[intestinal_crypt_stem_cell_of_small_intestine]": 0.00015454545454545454, "[pulmonary_ionocyte]": 3.8636363636363636e-05, "[retinal_bipolar_neuron]": 6.363636363636364e-05, "[DN4_thymocyte]": 6.59090909090909e-05, "[myeloid_dendritic_cell]": 6.818181818181818e-06, "[pigmented_ciliary_epithelial_cell]": 3.409090909090909e-05, "[mature_conventional_dendritic_cell]": 3.181818181818182e-05, "[plasmablast]": 2.9545454545454545e-05,